TTT,15316,0.08463651703467118
CTT,3290,0.018517257746876768
ATT,10829,0.06490526902146927
GTT,2989,0.018241829960037873
TTC,4454,0.027942248107931975
CTC,1518,0.009614762694645241
ATC,3490,0.022604763932155093
GTC,1001,0.006525796372561363
TTA,8576,0.05922026346830708
CTA,2440,0.017137802518978562
ATA,7366,0.0545591782265087
GTA,2094,0.015754384436681926
TTG,4078,0.03165229700380146
CTG,1337,0.010486239848862523
ATG,2890,0.023192277507978826
GTG,1094,0.008857119634524497
TCT,3728,0.031121522742963637
CCT,1371,0.011577681200658631
ACT,2341,0.02016773172911579
GCT,1145,0.009962453804999926
TCC,1689,0.01491488991098069
CCC,704,0.006255634455387655
ACC,1267,0.01138655773305998
GCC,549,0.00495833905773064
TCA,3867,0.036189026485729685
CCA,1605,0.015249317622252472
ACA,2764,0.026969369555805468
GCA,1189,0.011737686028240775
TCG,1179,0.011776026485316102
CCG,530,0.0053218907467692
ACG,780,0.007894043810628202
GCG,441,0.00448317991945911
TAT,7457,0.08202549934436452
CAT,2919,0.03317355092008207
AAT,10684,0.1382006101198003
GAT,3515,0.047633274628387914
TAC,2116,0.029521332344204846
CAC,1029,0.014565168958123454
AAC,3041,0.04498052329626689
GAC,966,0.014495569172297117
TAA,8457,0.14534878636382242
CAA,4083,0.07546960486473114
AAA,15605,0.40536111604475333
GAA,4452,0.1307694276929715
TAG,2446,0.07740818298360304
CAG,1394,0.04615164999930858
AAG,3267,0.1212790372854768
GAG,1530,0.060217407187643075
TGT,2755,0.12161720976605897
CGT,737,0.03362828195779393
AGT,2325,0.1186758374365267
GGT,1361,0.07465612629324198
TGC,1177,0.06901883229854631
CGC,462,0.027845845882351807
AGC,1090,0.0703161868195595
GGC,595,0.03991561291201286
TGA,3753,0.336480284295546
CGA,1182,0.11853420081286374
AGA,3801,0.6159269160886918
GGA,1727,0.38857306639749284
TGG,1714,0.6276429000721053
CGG,549,0.25159789353064727
AGG,1421,1.8655529310734116
GGG,757,132.846866582171
